USE DB;

INSERT USER(ssn, id, pw, phone, name, sido)
VALUES
('971220-1111111', 'tester1', 'imtester1', '01073037361', '홍길동', '서울특별시'),
('971220-1111112', 'tester2', 'imtester2', '01073037362', '조정우', '서울특별시'),
('971220-1111113', 'tester3', 'imtester3', '01073037363', '임경택', '서울특별시'),
('971220-1111114', 'tester4', 'imtester4', '01073037364', '류화랑', '서울특별시'),
('971220-1111115', 'tester5', 'imtester5', '01073037365', '강성운', '서울특별시'),
('971220-1111116', 'tester6', 'imtester6', '01073037366', '서유상', '서울특별시'),
('971220-1111117', 'tester7', 'imtester7', '01073037367', '전승권', '서울특별시'),
('971220-1111118', 'tester8', 'imtester8', '01073037368', '김하영', '서울특별시'),
('971220-1111119', 'tester9', 'imtester9', '01073037369', '이민석', '서울특별시'),

('000000-1111111', 'busan1', 'imbusan1', '01000000000', '홍길동', '부산광역시'),
('000001-1111111', 'busan2', 'imbusan2', '01000000001', '홍길동', '부산광역시'),
('000002-1111111', 'busan3', 'imbusan3', '01000000002', '홍길동', '부산광역시'),
('000003-1111111', 'busan4', 'imbusan4', '01000000003', '홍길동', '부산광역시'),
('000004-1111111', 'busan5', 'imbusan5', '01000000004', '홍길동', '부산광역시'),
('000005-1111111', 'busan6', 'imbusan6', '01000000005', '홍길동', '부산광역시'),
('000006-1111111', 'busan7', 'imbusan7', '01000000006', '홍길동', '부산광역시'),
('000007-1111111', 'busan8', 'imbusan8', '01000000007', '홍길동', '부산광역시'),
('000008-1111111', 'busan9', 'imbusan9', '01000000008', '홍길동', '부산광역시'),
('000009-1111111', 'busan10', 'imbusan10', '01000000009', '홍길동', '부산광역시'),
('000010-1111111', 'busan11', 'imbusan11', '01000000010', '홍길동', '부산광역시'),
('000011-1111111', 'busan12', 'imbusan12', '01000000011', '홍길동', '부산광역시'),
('000012-1111111', 'busan13', 'imbusan13', '01000000012', '홍길동', '부산광역시'),
('000013-1111111', 'busan14', 'imbusan14', '01000000013', '홍길동', '부산광역시'),
('000014-1111111', 'busan15', 'imbusan15', '01000000014', '홍길동', '부산광역시'),

('000100-1111111', 'incheon1', 'imincheon1', '01000000100', '홍길동', '인천광역시'),
('000101-1111111', 'incheon2', 'imincheon2', '01000000101', '홍길동', '인천광역시'),
('000102-1111111', 'incheon3', 'imincheon3', '01000000102', '홍길동', '인천광역시'),
('000103-1111111', 'incheon4', 'imincheon4', '01000000103', '홍길동', '인천광역시'),
('000104-1111111', 'incheon5', 'imincheon5', '01000000104', '홍길동', '인천광역시'),
('000105-1111111', 'incheon6', 'imincheon6', '01000000105', '홍길동', '인천광역시'),
('000106-1111111', 'incheon7', 'imincheon7', '01000000106', '홍길동', '인천광역시'),
('000107-1111111', 'incheon8', 'imincheon8', '01000000107', '홍길동', '인천광역시'),
('000108-1111111', 'incheon9', 'imincheon9', '01000000108', '홍길동', '인천광역시'),
('000109-1111111', 'incheon10', 'imincheon10', '01000000109', '홍길동', '인천광역시'),
('000110-1111111', 'incheon11', 'imincheon11', '01000000110', '홍길동', '인천광역시'),
('000111-1111111', 'incheon12', 'imincheon12', '01000000111', '홍길동', '인천광역시'),
('000112-1111111', 'incheon13', 'imincheon13', '01000000112', '홍길동', '인천광역시'),
('000113-1111111', 'incheon14', 'imincheon14', '01000000113', '홍길동', '인천광역시'),
('000114-1111111', 'incheon15', 'imincheon15', '01000000114', '홍길동', '인천광역시'),

('000200-1111111', 'gyeonggi1', 'imgyeonggi1', '01000000200', '홍길동', '경기도'),
('000201-1111111', 'gyeonggi2', 'imgyeonggi2', '01000000201', '홍길동', '경기도'),
('000202-1111111', 'gyeonggi3', 'imgyeonggi3', '01000000202', '홍길동', '경기도'),
('000203-1111111', 'gyeonggi4', 'imgyeonggi4', '01000000203', '홍길동', '경기도'),
('000204-1111111', 'gyeonggi5', 'imgyeonggi5', '01000000204', '홍길동', '경기도'),
('000205-1111111', 'gyeonggi6', 'imgyeonggi6', '01000000205', '홍길동', '경기도'),
('000206-1111111', 'gyeonggi7', 'imgyeonggi7', '01000000206', '홍길동', '경기도'),
('000207-1111111', 'gyeonggi8', 'imgyeonggi8', '01000000207', '홍길동', '경기도'),
('000208-1111111', 'gyeonggi9', 'imgyeonggi9', '01000000208', '홍길동', '경기도'),
('000209-1111111', 'gyeonggi10', 'imgyeonggi10', '01000000209', '홍길동', '경기도'),
('000210-1111111', 'gyeonggi11', 'imgyeonggi11', '01000000210', '홍길동', '경기도'),
('000211-1111111', 'gyeonggi12', 'imgyeonggi12', '01000000211', '홍길동', '경기도'),
('000212-1111111', 'gyeonggi13', 'imgyeonggi13', '01000000212', '홍길동', '경기도'),
('000213-1111111', 'gyeonggi14', 'imgyeonggi14', '01000000213', '홍길동', '경기도'),
('000214-1111111', 'gyeonggi15', 'imgyeonggi15', '01000000214', '홍길동', '경기도'),

('000300-1111111', 'gangwon1', 'imgangwon1', '01000000300', '홍길동', '강원도'),
('000301-1111111', 'gangwon2', 'imgangwon2', '01000000301', '홍길동', '강원도'),
('000302-1111111', 'gangwon3', 'imgangwon3', '01000000302', '홍길동', '강원도'),
('000303-1111111', 'gangwon4', 'imgangwon4', '01000000303', '홍길동', '강원도'),
('000304-1111111', 'gangwon5', 'imgangwon5', '01000000304', '홍길동', '강원도'),
('000305-1111111', 'gangwon6', 'imgangwon6', '01000000305', '홍길동', '강원도'),
('000306-1111111', 'gangwon7', 'imgangwon7', '01000000306', '홍길동', '강원도'),
('000307-1111111', 'gangwon8', 'imgangwon8', '01000000307', '홍길동', '강원도'),
('000308-1111111', 'gangwon9', 'imgangwon9', '01000000308', '홍길동', '강원도'),
('000309-1111111', 'gangwon10', 'imgangwon10', '01000000309', '홍길동', '강원도'),
('000310-1111111', 'gangwon11', 'imgangwon11', '01000000310', '홍길동', '강원도'),
('000311-1111111', 'gangwon12', 'imgangwon12', '01000000311', '홍길동', '강원도'),
('000312-1111111', 'gangwon13', 'imgangwon13', '01000000312', '홍길동', '강원도'),
('000313-1111111', 'gangwon14', 'imgangwon14', '01000000313', '홍길동', '강원도'),
('000314-1111111', 'gangwon15', 'imgangwon15', '01000000314', '홍길동', '강원도'),

('000400-1111111', 'chungbuk1', 'imchungbuk1', '01000000400', '홍길동', '충청북도'),
('000401-1111111', 'chungbuk2', 'imchungbuk2', '01000000401', '홍길동', '충청북도'),
('000402-1111111', 'chungbuk3', 'imchungbuk3', '01000000402', '홍길동', '충청북도'),
('000403-1111111', 'chungbuk4', 'imchungbuk4', '01000000403', '홍길동', '충청북도'),
('000404-1111111', 'chungbuk5', 'imchungbuk5', '01000000404', '홍길동', '충청북도'),
('000405-1111111', 'chungbuk6', 'imchungbuk6', '01000000405', '홍길동', '충청북도'),
('000406-1111111', 'chungbuk7', 'imchungbuk7', '01000000406', '홍길동', '충청북도'),
('000407-1111111', 'chungbuk8', 'imchungbuk8', '01000000407', '홍길동', '충청북도'),
('000408-1111111', 'chungbuk9', 'imchungbuk9', '01000000408', '홍길동', '충청북도'),
('000409-1111111', 'chungbuk10', 'imchungbuk10', '01000000409', '홍길동', '충청북도'),
('000410-1111111', 'chungbuk11', 'imchungbuk11', '01000000410', '홍길동', '충청북도'),
('000411-1111111', 'chungbuk12', 'imchungbuk12', '01000000411', '홍길동', '충청북도'),
('000412-1111111', 'chungbuk13', 'imchungbuk13', '01000000412', '홍길동', '충청북도'),
('000413-1111111', 'chungbuk14', 'imchungbuk14', '01000000413', '홍길동', '충청북도'),
('000414-1111111', 'chungbuk15', 'imchungbuk15', '01000000414', '홍길동', '충청북도'),

('000500-1111111', 'sejong1', 'imsejong1', '01000000500', '홍길동', '세종특별자치시'),
('000501-1111111', 'sejong2', 'imsejong2', '01000000501', '홍길동', '세종특별자치시'),
('000502-1111111', 'sejong3', 'imsejong3', '01000000502', '홍길동', '세종특별자치시'),
('000503-1111111', 'sejong4', 'imsejong4', '01000000503', '홍길동', '세종특별자치시'),
('000504-1111111', 'sejong5', 'imsejong5', '01000000504', '홍길동', '세종특별자치시'),
('000505-1111111', 'sejong6', 'imsejong6', '01000000505', '홍길동', '세종특별자치시'),
('000506-1111111', 'sejong7', 'imsejong7', '01000000506', '홍길동', '세종특별자치시'),
('000507-1111111', 'sejong8', 'imsejong8', '01000000507', '홍길동', '세종특별자치시'),
('000508-1111111', 'sejong9', 'imsejong9', '01000000508', '홍길동', '세종특별자치시'),
('000509-1111111', 'sejong10', 'imsejong10', '01000000509', '홍길동', '세종특별자치시'),
('000510-1111111', 'sejong11', 'imsejong11', '01000000510', '홍길동', '세종특별자치시'),
('000511-1111111', 'sejong12', 'imsejong12', '01000000511', '홍길동', '세종특별자치시'),
('000512-1111111', 'sejong13', 'imsejong13', '01000000512', '홍길동', '세종특별자치시'),
('000513-1111111', 'sejong14', 'imsejong14', '01000000513', '홍길동', '세종특별자치시'),
('000514-1111111', 'sejong15', 'imsejong15', '01000000514', '홍길동', '세종특별자치시'),

('000600-1111111', 'chungnam1', 'imchungnam1', '01000000600', '홍길동', '충청남도'),
('000601-1111111', 'chungnam2', 'imchungnam2', '01000000601', '홍길동', '충청남도'),
('000602-1111111', 'chungnam3', 'imchungnam3', '01000000602', '홍길동', '충청남도'),
('000603-1111111', 'chungnam4', 'imchungnam4', '01000000603', '홍길동', '충청남도'),
('000604-1111111', 'chungnam5', 'imchungnam5', '01000000604', '홍길동', '충청남도'),
('000605-1111111', 'chungnam6', 'imchungnam6', '01000000605', '홍길동', '충청남도'),
('000606-1111111', 'chungnam7', 'imchungnam7', '01000000606', '홍길동', '충청남도'),
('000607-1111111', 'chungnam8', 'imchungnam8', '01000000607', '홍길동', '충청남도'),
('000608-1111111', 'chungnam9', 'imchungnam9', '01000000608', '홍길동', '충청남도'),
('000609-1111111', 'chungnam10', 'imchungnam10', '01000000609', '홍길동', '충청남도'),
('000610-1111111', 'chungnam11', 'imchungnam11', '01000000610', '홍길동', '충청남도'),
('000611-1111111', 'chungnam12', 'imchungnam12', '01000000611', '홍길동', '충청남도'),
('000612-1111111', 'chungnam13', 'imchungnam13', '01000000612', '홍길동', '충청남도'),
('000613-1111111', 'chungnam14', 'imchungnam14', '01000000613', '홍길동', '충청남도'),
('000614-1111111', 'chungnam15', 'imchungnam15', '01000000614', '홍길동', '충청남도'),

('000700-1111111', 'daejeon1', 'imdaejeon1', '01000000700', '홍길동', '대전광역시'),
('000701-1111111', 'daejeon2', 'imdaejeon2', '01000000701', '홍길동', '대전광역시'),
('000702-1111111', 'daejeon3', 'imdaejeon3', '01000000702', '홍길동', '대전광역시'),
('000703-1111111', 'daejeon4', 'imdaejeon4', '01000000703', '홍길동', '대전광역시'),
('000704-1111111', 'daejeon5', 'imdaejeon5', '01000000704', '홍길동', '대전광역시'),
('000705-1111111', 'daejeon6', 'imdaejeon6', '01000000705', '홍길동', '대전광역시'),
('000706-1111111', 'daejeon7', 'imdaejeon7', '01000000706', '홍길동', '대전광역시'),
('000707-1111111', 'daejeon8', 'imdaejeon8', '01000000707', '홍길동', '대전광역시'),
('000708-1111111', 'daejeon9', 'imdaejeon9', '01000000708', '홍길동', '대전광역시'),
('000709-1111111', 'daejeon10', 'imdaejeon10', '01000000709', '홍길동', '대전광역시'),
('000710-1111111', 'daejeon11', 'imdaejeon11', '01000000710', '홍길동', '대전광역시'),
('000711-1111111', 'daejeon12', 'imdaejeon12', '01000000711', '홍길동', '대전광역시'),
('000712-1111111', 'daejeon13', 'imdaejeon13', '01000000712', '홍길동', '대전광역시'),
('000713-1111111', 'daejeon14', 'imdaejeon14', '01000000713', '홍길동', '대전광역시'),
('000714-1111111', 'daejeon15', 'imdaejeon15', '01000000714', '홍길동', '대전광역시'),

('000800-1111111', 'jeonbuk1', 'imjeonbuk1', '01000000800', '홍길동', '전라북도'),
('000801-1111111', 'jeonbuk2', 'imjeonbuk2', '01000000801', '홍길동', '전라북도'),
('000802-1111111', 'jeonbuk3', 'imjeonbuk3', '01000000802', '홍길동', '전라북도'),
('000803-1111111', 'jeonbuk4', 'imjeonbuk4', '01000000803', '홍길동', '전라북도'),
('000804-1111111', 'jeonbuk5', 'imjeonbuk5', '01000000804', '홍길동', '전라북도'),
('000805-1111111', 'jeonbuk6', 'imjeonbuk6', '01000000805', '홍길동', '전라북도'),
('000806-1111111', 'jeonbuk7', 'imjeonbuk7', '01000000806', '홍길동', '전라북도'),
('000807-1111111', 'jeonbuk8', 'imjeonbuk8', '01000000807', '홍길동', '전라북도'),
('000808-1111111', 'jeonbuk9', 'imjeonbuk9', '01000000808', '홍길동', '전라북도'),
('000809-1111111', 'jeonbuk10', 'imjeonbuk10', '01000000809', '홍길동', '전라북도'),
('000810-1111111', 'jeonbuk11', 'imjeonbuk11', '01000000810', '홍길동', '전라북도'),
('000811-1111111', 'jeonbuk12', 'imjeonbuk12', '01000000811', '홍길동', '전라북도'),
('000812-1111111', 'jeonbuk13', 'imjeonbuk13', '01000000812', '홍길동', '전라북도'),
('000813-1111111', 'jeonbuk14', 'imjeonbuk14', '01000000813', '홍길동', '전라북도'),
('000814-1111111', 'jeonbuk15', 'imjeonbuk15', '01000000814', '홍길동', '전라북도'),

('000900-1111111', 'gwangju1', 'imgwangju1', '01000000900', '홍길동', '광주광역시'),
('000901-1111111', 'gwangju2', 'imgwangju2', '01000000901', '홍길동', '광주광역시'),
('000902-1111111', 'gwangju3', 'imgwangju3', '01000000902', '홍길동', '광주광역시'),
('000903-1111111', 'gwangju4', 'imgwangju4', '01000000903', '홍길동', '광주광역시'),
('000904-1111111', 'gwangju5', 'imgwangju5', '01000000904', '홍길동', '광주광역시'),
('000905-1111111', 'gwangju6', 'imgwangju6', '01000000905', '홍길동', '광주광역시'),
('000906-1111111', 'gwangju7', 'imgwangju7', '01000000906', '홍길동', '광주광역시'),
('000907-1111111', 'gwangju8', 'imgwangju8', '01000000907', '홍길동', '광주광역시'),
('000908-1111111', 'gwangju9', 'imgwangju9', '01000000908', '홍길동', '광주광역시'),
('000909-1111111', 'gwangju10', 'imgwangju10', '01000000909', '홍길동', '광주광역시'),
('000910-1111111', 'gwangju11', 'imgwangju11', '01000000910', '홍길동', '광주광역시'),
('000911-1111111', 'gwangju12', 'imgwangju12', '01000000911', '홍길동', '광주광역시'),
('000912-1111111', 'gwangju13', 'imgwangju13', '01000000912', '홍길동', '광주광역시'),
('000913-1111111', 'gwangju14', 'imgwangju14', '01000000913', '홍길동', '광주광역시'),
('000914-1111111', 'gwangju15', 'imgwangju15', '01000000914', '홍길동', '광주광역시'),

('001000-1111111', 'jeonnam1', 'imjeonnam1', '01000001000', '홍길동', '전라남도'),
('001001-1111111', 'jeonnam2', 'imjeonnam2', '01000001001', '홍길동', '전라남도'),
('001002-1111111', 'jeonnam3', 'imjeonnam3', '01000001002', '홍길동', '전라남도'),
('001003-1111111', 'jeonnam4', 'imjeonnam4', '01000001003', '홍길동', '전라남도'),
('001004-1111111', 'jeonnam5', 'imjeonnam5', '01000001004', '홍길동', '전라남도'),
('001005-1111111', 'jeonnam6', 'imjeonnam6', '01000001005', '홍길동', '전라남도'),
('001006-1111111', 'jeonnam7', 'imjeonnam7', '01000001006', '홍길동', '전라남도'),
('001007-1111111', 'jeonnam8', 'imjeonnam8', '01000001007', '홍길동', '전라남도'),
('001008-1111111', 'jeonnam9', 'imjeonnam9', '01000001008', '홍길동', '전라남도'),
('001009-1111111', 'jeonnam10', 'imjeonnam10', '01000001009', '홍길동', '전라남도'),
('001010-1111111', 'jeonnam11', 'imjeonnam11', '01000001010', '홍길동', '전라남도'),
('001011-1111111', 'jeonnam12', 'imjeonnam12', '01000001011', '홍길동', '전라남도'),
('001012-1111111', 'jeonnam13', 'imjeonnam13', '01000001012', '홍길동', '전라남도'),
('001013-1111111', 'jeonnam14', 'imjeonnam14', '01000001013', '홍길동', '전라남도'),
('001014-1111111', 'jeonnam15', 'imjeonnam15', '01000001014', '홍길동', '전라남도'),

('001100-1111111', 'gyeongbuk1', 'imgyeongbuk1', '01000001100', '홍길동', '경상북도'),
('001101-1111111', 'gyeongbuk2', 'imgyeongbuk2', '01000001101', '홍길동', '경상북도'),
('001102-1111111', 'gyeongbuk3', 'imgyeongbuk3', '01000001102', '홍길동', '경상북도'),
('001103-1111111', 'gyeongbuk4', 'imgyeongbuk4', '01000001103', '홍길동', '경상북도'),
('001104-1111111', 'gyeongbuk5', 'imgyeongbuk5', '01000001104', '홍길동', '경상북도'),
('001105-1111111', 'gyeongbuk6', 'imgyeongbuk6', '01000001105', '홍길동', '경상북도'),
('001106-1111111', 'gyeongbuk7', 'imgyeongbuk7', '01000001106', '홍길동', '경상북도'),
('001107-1111111', 'gyeongbuk8', 'imgyeongbuk8', '01000001107', '홍길동', '경상북도'),
('001108-1111111', 'gyeongbuk9', 'imgyeongbuk9', '01000001108', '홍길동', '경상북도'),
('001109-1111111', 'gyeongbuk10', 'imgyeongbuk10', '01000001109', '홍길동', '경상북도'),
('001110-1111111', 'gyeongbuk11', 'imgyeongbuk11', '01000001110', '홍길동', '경상북도'),
('001111-1111111', 'gyeongbuk12', 'imgyeongbuk12', '01000001111', '홍길동', '경상북도'),
('001112-1111111', 'gyeongbuk13', 'imgyeongbuk13', '01000001112', '홍길동', '경상북도'),
('001113-1111111', 'gyeongbuk14', 'imgyeongbuk14', '01000001113', '홍길동', '경상북도'),
('001114-1111111', 'gyeongbuk15', 'imgyeongbuk15', '01000001114', '홍길동', '경상북도'),

('001200-1111111', 'daegu1', 'imdaegu1', '01000001200', '홍길동', '대구광역시'),
('001201-1111111', 'daegu2', 'imdaegu2', '01000001201', '홍길동', '대구광역시'),
('001202-1111111', 'daegu3', 'imdaegu3', '01000001202', '홍길동', '대구광역시'),
('001203-1111111', 'daegu4', 'imdaegu4', '01000001203', '홍길동', '대구광역시'),
('001204-1111111', 'daegu5', 'imdaegu5', '01000001204', '홍길동', '대구광역시'),
('001205-1111111', 'daegu6', 'imdaegu6', '01000001205', '홍길동', '대구광역시'),
('001206-1111111', 'daegu7', 'imdaegu7', '01000001206', '홍길동', '대구광역시'),
('001207-1111111', 'daegu8', 'imdaegu8', '01000001207', '홍길동', '대구광역시'),
('001208-1111111', 'daegu9', 'imdaegu9', '01000001208', '홍길동', '대구광역시'),
('001209-1111111', 'daegu10', 'imdaegu10', '01000001209', '홍길동', '대구광역시'),
('001210-1111111', 'daegu11', 'imdaegu11', '01000001210', '홍길동', '대구광역시'),
('001211-1111111', 'daegu12', 'imdaegu12', '01000001211', '홍길동', '대구광역시'),
('001212-1111111', 'daegu13', 'imdaegu13', '01000001212', '홍길동', '대구광역시'),
('001213-1111111', 'daegu14', 'imdaegu14', '01000001213', '홍길동', '대구광역시'),
('001214-1111111', 'daegu15', 'imdaegu15', '01000001214', '홍길동', '대구광역시'),

('001300-1111111', 'gyeongnam1', 'imgyeongnam1', '01000001300', '홍길동', '경상남도'),
('001301-1111111', 'gyeongnam2', 'imgyeongnam2', '01000001301', '홍길동', '경상남도'),
('001302-1111111', 'gyeongnam3', 'imgyeongnam3', '01000001302', '홍길동', '경상남도'),
('001303-1111111', 'gyeongnam4', 'imgyeongnam4', '01000001303', '홍길동', '경상남도'),
('001304-1111111', 'gyeongnam5', 'imgyeongnam5', '01000001304', '홍길동', '경상남도'),
('001305-1111111', 'gyeongnam6', 'imgyeongnam6', '01000001305', '홍길동', '경상남도'),
('001306-1111111', 'gyeongnam7', 'imgyeongnam7', '01000001306', '홍길동', '경상남도'),
('001307-1111111', 'gyeongnam8', 'imgyeongnam8', '01000001307', '홍길동', '경상남도'),
('001308-1111111', 'gyeongnam9', 'imgyeongnam9', '01000001308', '홍길동', '경상남도'),
('001309-1111111', 'gyeongnam10', 'imgyeongnam10', '01000001309', '홍길동', '경상남도'),
('001310-1111111', 'gyeongnam11', 'imgyeongnam11', '01000001310', '홍길동', '경상남도'),
('001311-1111111', 'gyeongnam12', 'imgyeongnam12', '01000001311', '홍길동', '경상남도'),
('001312-1111111', 'gyeongnam13', 'imgyeongnam13', '01000001312', '홍길동', '경상남도'),
('001313-1111111', 'gyeongnam14', 'imgyeongnam14', '01000001313', '홍길동', '경상남도'),
('001314-1111111', 'gyeongnam15', 'imgyeongnam15', '01000001314', '홍길동', '경상남도'),

('001400-1111111', 'ulsan1', 'imulsan1', '01000001400', '홍길동', '울산광역시'),
('001401-1111111', 'ulsan2', 'imulsan2', '01000001401', '홍길동', '울산광역시'),
('001402-1111111', 'ulsan3', 'imulsan3', '01000001402', '홍길동', '울산광역시'),
('001403-1111111', 'ulsan4', 'imulsan4', '01000001403', '홍길동', '울산광역시'),
('001404-1111111', 'ulsan5', 'imulsan5', '01000001404', '홍길동', '울산광역시'),
('001405-1111111', 'ulsan6', 'imulsan6', '01000001405', '홍길동', '울산광역시'),
('001406-1111111', 'ulsan7', 'imulsan7', '01000001406', '홍길동', '울산광역시'),
('001407-1111111', 'ulsan8', 'imulsan8', '01000001407', '홍길동', '울산광역시'),
('001408-1111111', 'ulsan9', 'imulsan9', '01000001408', '홍길동', '울산광역시'),
('001409-1111111', 'ulsan10', 'imulsan10', '01000001409', '홍길동', '울산광역시'),
('001410-1111111', 'ulsan11', 'imulsan11', '01000001410', '홍길동', '울산광역시'),
('001411-1111111', 'ulsan12', 'imulsan12', '01000001411', '홍길동', '울산광역시'),
('001412-1111111', 'ulsan13', 'imulsan13', '01000001412', '홍길동', '울산광역시'),
('001413-1111111', 'ulsan14', 'imulsan14', '01000001413', '홍길동', '울산광역시'),
('001414-1111111', 'ulsan15', 'imulsan15', '01000001414', '홍길동', '울산광역시'),

('001500-1111111', 'jejudo1', 'imjejudo1', '01000001500', '홍길동', '제주특별자치도'),
('001501-1111111', 'jejudo2', 'imjejudo2', '01000001501', '홍길동', '제주특별자치도'),
('001502-1111111', 'jejudo3', 'imjejudo3', '01000001502', '홍길동', '제주특별자치도'),
('001503-1111111', 'jejudo4', 'imjejudo4', '01000001503', '홍길동', '제주특별자치도'),
('001504-1111111', 'jejudo5', 'imjejudo5', '01000001504', '홍길동', '제주특별자치도'),
('001505-1111111', 'jejudo6', 'imjejudo6', '01000001505', '홍길동', '제주특별자치도'),
('001506-1111111', 'jejudo7', 'imjejudo7', '01000001506', '홍길동', '제주특별자치도'),
('001507-1111111', 'jejudo8', 'imjejudo8', '01000001507', '홍길동', '제주특별자치도'),
('001508-1111111', 'jejudo9', 'imjejudo9', '01000001508', '홍길동', '제주특별자치도'),
('001509-1111111', 'jejudo10', 'imjejudo10', '01000001509', '홍길동', '제주특별자치도'),
('001510-1111111', 'jejudo11', 'imjejudo11', '01000001510', '홍길동', '제주특별자치도'),
('001511-1111111', 'jejudo12', 'imjejudo12', '01000001511', '홍길동', '제주특별자치도'),
('001512-1111111', 'jejudo13', 'imjejudo13', '01000001512', '홍길동', '제주특별자치도'),
('001513-1111111', 'jejudo14', 'imjejudo14', '01000001513', '홍길동', '제주특별자치도'),
('001514-1111111', 'jejudo15', 'imjejudo15', '01000001514', '홍길동', '제주특별자치도');

INSERT V_INFO(name, company, min_temperature, max_temperature, clinical, max_capacity, characteristic, expiration_date)
VALUES
('화이자', '(주)화이자만든회사임', 30, 50, 3, 10, '화이자는 짱 좋아요.! 맞고 살아남으시길!', 14),
('모더나', '(주)모더나만든회사임', 20, 40, 2, 15, '모더나는 짱 좋아요.! 맞고 살아남으시길!', 7),
('아스트라제네카', '(주)아스트라제네카만든회사임', 0, 20, 3, 8, '아스트라제네카는 짱 좋아요.! 맞고 살아남으시길!', 21),
('얀센', '(주)얀센만든회사임', 10, 30, 3, 15, '얀센은 짱 좋아요.! 맞고 살아남으시길!', 14);

INSERT VACCINE(number, manufacturing_date, name)
VALUES
('HE0000', '2021-10-01', '화이자'),
('HE0001', '2021-10-01', '화이자'),
('HE0002', '2021-10-27', '화이자'),
('HE0003', '2021-10-27', '화이자'),
('HE0004', '2021-10-01', '화이자'),
('HE0005', '2021-10-01', '화이자'),

('HE0006', '2021-10-27', '화이자'),
('HE0007', '2021-10-27', '화이자'),
('HE0008', '2021-10-01', '화이자'),
('HE0009', '2021-10-01', '화이자'),
('HE0010', '2021-10-27', '화이자'),
('HE0011', '2021-10-27', '화이자'),
('HE0012', '2021-10-01', '화이자'),
('HE0013', '2021-10-01', '화이자'),
('HE0014', '2021-10-27', '화이자'),
('HE0015', '2021-10-27', '화이자'),

('HE0016', '2021-10-01', '화이자'),
('HE0017', '2021-10-01', '화이자'),
('HE0018', '2021-10-27', '화이자'),
('HE0019', '2021-10-27', '화이자'),
('HE0020', '2021-10-01', '화이자'),

('HE0021', '2021-10-01', '화이자'),
('HE0022', '2021-10-27', '화이자'),
('HE0023', '2021-10-27', '화이자'),
('HE0024', '2021-10-01', '화이자'),
('HE0025', '2021-10-01', '화이자'),
('HE0026', '2021-10-27', '화이자'),
('HE0027', '2021-10-27', '화이자'),
('HE0028', '2021-10-01', '화이자'),
('HE0029', '2021-10-01', '화이자'),
('HE0030', '2021-10-27', '화이자'),
('HE0031', '2021-10-27', '화이자'),
('HE0032', '2021-10-01', '화이자'),
('HE0033', '2021-10-01', '화이자'),
('HE0034', '2021-10-27', '화이자'),
('HE0035', '2021-10-27', '화이자'),
('HE0036', '2021-10-01', '화이자'),
('HE0037', '2021-10-01', '화이자'),
('HE0038', '2021-10-27', '화이자'),
('HE0039', '2021-10-27', '화이자'),
('HE0040', '2021-10-27', '화이자'),
('HE0041', '2021-10-27', '화이자'),
('HE0042', '2021-10-01', '화이자'),
('HE0043', '2021-10-01', '화이자'),
('HE0044', '2021-10-27', '화이자'),
('HE0045', '2021-10-27', '화이자'),
('HE0046', '2021-10-01', '화이자'),
('HE0047', '2021-10-01', '화이자'),
('HE0048', '2021-10-27', '화이자'),
('HE0049', '2021-10-27', '화이자'),
('MO0000', '2021-10-01', '모더나'),
('MO0001', '2021-10-27', '모더나'),
('MO0002', '2021-10-27', '모더나'),
('MO0003', '2021-10-01', '모더나'),
('MO0004', '2021-10-27', '모더나'),
('MO0005', '2021-10-27', '모더나'),
('MO0006', '2021-10-01', '모더나'),
('MO0007', '2021-10-27', '모더나'),
('MO0008', '2021-10-27', '모더나'),
('MO0009', '2021-10-01', '모더나'),
('MO0010', '2021-10-27', '모더나'),
('MO0011', '2021-10-27', '모더나'),
('MO0012', '2021-10-01', '모더나'),
('MO0013', '2021-10-27', '모더나'),
('MO0014', '2021-10-27', '모더나'),
('MO0015', '2021-10-01', '모더나'),
('MO0016', '2021-10-27', '모더나'),
('MO0017', '2021-10-27', '모더나'),
('MO0018', '2021-10-01', '모더나'),
('MO0019', '2021-10-27', '모더나'),
('MO0020', '2021-10-27', '모더나'),
('MO0021', '2021-10-01', '모더나'),
('MO0022', '2021-10-27', '모더나'),
('MO0023', '2021-10-27', '모더나'),
('MO0024', '2021-10-01', '모더나'),
('MO0025', '2021-10-27', '모더나'),
('MO0026', '2021-10-27', '모더나'),
('MO0027', '2021-10-01', '모더나'),
('MO0028', '2021-10-27', '모더나'),
('MO0029', '2021-10-27', '모더나'),
('MO0030', '2021-10-01', '모더나'),
('MO0031', '2021-10-27', '모더나'),
('MO0032', '2021-10-27', '모더나'),
('MO0033', '2021-10-01', '모더나'),
('MO0034', '2021-10-27', '모더나'),
('MO0035', '2021-10-27', '모더나'),
('MO0036', '2021-10-01', '모더나'),
('MO0037', '2021-10-27', '모더나'),
('MO0038', '2021-10-27', '모더나'),
('MO0039', '2021-10-01', '모더나'),
('MO0040', '2021-10-27', '모더나'),
('MO0041', '2021-10-27', '모더나'),
('MO0042', '2021-10-01', '모더나'),
('MO0043', '2021-10-27', '모더나'),
('MO0044', '2021-10-27', '모더나'),
('MO0045', '2021-10-27', '모더나'),
('MO0046', '2021-10-27', '모더나'),
('MO0047', '2021-10-01', '모더나'),
('MO0048', '2021-10-27', '모더나'),
('MO0049', '2021-10-27', '모더나'),
('MO0050', '2021-10-27', '모더나'),
('AE0000', '2021-10-01', '아스트라제네카'),
('AE0001', '2021-10-01', '아스트라제네카'),
('AE0002', '2021-10-23', '아스트라제네카'),
('AE0003', '2021-10-23', '아스트라제네카'),
('AE0004', '2021-10-22', '아스트라제네카'),
('AE0005', '2021-10-01', '아스트라제네카'),
('AE0006', '2021-10-01', '아스트라제네카'),
('AE0007', '2021-10-01', '아스트라제네카'),
('AE0008', '2021-10-23', '아스트라제네카'),
('AE0009', '2021-10-23', '아스트라제네카'),
('AE0010', '2021-10-22', '아스트라제네카'),
('AE0011', '2021-10-01', '아스트라제네카'),
('AE0012', '2021-10-01', '아스트라제네카'),
('AE0013', '2021-10-01', '아스트라제네카'),
('AE0014', '2021-10-23', '아스트라제네카'),
('AE0015', '2021-10-23', '아스트라제네카'),
('AE0016', '2021-10-22', '아스트라제네카'),
('AE0017', '2021-10-01', '아스트라제네카'),
('AE0018', '2021-10-01', '아스트라제네카'),
('AE0019', '2021-10-01', '아스트라제네카'),
('AE0020', '2021-10-23', '아스트라제네카'),
('AE0021', '2021-10-23', '아스트라제네카'),
('AE0022', '2021-10-22', '아스트라제네카'),
('AE0023', '2021-10-01', '아스트라제네카'),
('AE0024', '2021-10-01', '아스트라제네카'),
('AE0025', '2021-10-01', '아스트라제네카'),
('AE0026', '2021-10-23', '아스트라제네카'),
('AE0027', '2021-10-23', '아스트라제네카'),
('AE0028', '2021-10-22', '아스트라제네카'),
('AE0029', '2021-10-01', '아스트라제네카'),
('AE0030', '2021-10-01', '아스트라제네카'),
('AE0031', '2021-10-01', '아스트라제네카'),
('AE0032', '2021-10-23', '아스트라제네카'),
('AE0033', '2021-10-23', '아스트라제네카'),
('AE0034', '2021-10-22', '아스트라제네카'),
('AE0035', '2021-10-01', '아스트라제네카'),
('AE0036', '2021-10-01', '아스트라제네카'),
('AE0037', '2021-10-01', '아스트라제네카'),
('AE0038', '2021-10-23', '아스트라제네카'),
('AE0039', '2021-10-23', '아스트라제네카'),
('AE0040', '2021-10-22', '아스트라제네카'),
('AE0041', '2021-10-01', '아스트라제네카'),
('AE0042', '2021-10-01', '아스트라제네카'),
('AE0043', '2021-10-01', '아스트라제네카'),
('AE0044', '2021-10-23', '아스트라제네카'),
('AE0045', '2021-10-23', '아스트라제네카'),
('AE0046', '2021-10-22', '아스트라제네카'),
('AE0047', '2021-10-01', '아스트라제네카'),
('AE0048', '2021-10-01', '아스트라제네카'),
('AE0049', '2021-10-01', '아스트라제네카'),
('AE0050', '2021-10-22', '아스트라제네카'),
('AE0051', '2021-10-01', '아스트라제네카'),
('AE0052', '2021-10-01', '아스트라제네카'),
('AE0053', '2021-10-01', '아스트라제네카'),
('AE0054', '2021-10-23', '아스트라제네카'),
('AE0055', '2021-10-23', '아스트라제네카'),
('AE0056', '2021-10-22', '아스트라제네카'),
('AE0057', '2021-10-01', '아스트라제네카'),
('AE0058', '2021-10-01', '아스트라제네카'),
('AE0059', '2021-10-01', '아스트라제네카'),
('AE0060', '2021-10-23', '아스트라제네카'),
('AE0061', '2021-10-23', '아스트라제네카'),
('AE0062', '2021-10-22', '아스트라제네카'),
('AE0063', '2021-10-01', '아스트라제네카'),
('AE0064', '2021-10-01', '아스트라제네카'),
('AE0065', '2021-10-01', '아스트라제네카'),
('AE0066', '2021-10-23', '아스트라제네카'),
('AE0067', '2021-10-23', '아스트라제네카'),
('AE0068', '2021-10-22', '아스트라제네카'),
('AE0069', '2021-10-01', '아스트라제네카'),
('AE0070', '2021-10-01', '아스트라제네카'),
('YA0000', '2021-10-14', '얀센'),
('YA0001', '2020-10-26', '얀센'),
('YA0002', '2020-10-27', '얀센'),
('YA0003', '2021-10-14', '얀센'),
('YA0004', '2020-10-26', '얀센'),
('YA0005', '2020-10-27', '얀센'),
('YA0006', '2021-10-14', '얀센'),
('YA0007', '2020-10-26', '얀센'),
('YA0008', '2020-10-27', '얀센'),
('YA0009', '2021-10-14', '얀센'),
('YA0010', '2020-10-26', '얀센'),
('YA0011', '2020-10-27', '얀센'),
('YA0012', '2021-10-14', '얀센'),
('YA0013', '2020-10-26', '얀센'),
('YA0014', '2021-10-14', '얀센'),
('YA0015', '2020-10-26', '얀센'),
('YA0016', '2020-10-27', '얀센'),
('YA0017', '2021-10-14', '얀센'),
('YA0018', '2020-10-26', '얀센'),
('YA0019', '2020-10-27', '얀센'),
('YA0020', '2021-10-14', '얀센'),
('YA0021', '2020-10-26', '얀센'),
('YA0022', '2020-10-27', '얀센'),
('YA0023', '2021-10-14', '얀센'),
('YA0024', '2021-10-14', '얀센'),
('YA0025', '2020-10-26', '얀센'),
('YA0026', '2020-10-27', '얀센'),
('YA0027', '2021-10-14', '얀센'),
('YA0028', '2020-10-26', '얀센'),
('YA0029', '2020-10-27', '얀센'),
('YA0030', '2021-10-14', '얀센'),
('YA0031', '2020-10-26', '얀센'),
('YA0032', '2020-10-27', '얀센'),
('YA0033', '2021-10-14', '얀센'),
('YA0034', '2021-10-14', '얀센'),
('YA0035', '2020-10-26', '얀센'),
('YA0036', '2020-10-27', '얀센'),
('YA0037', '2021-10-14', '얀센'),
('YA0038', '2020-10-26', '얀센'),
('YA0039', '2020-10-27', '얀센'),
('YA0040', '2021-10-14', '얀센'),
('YA0041', '2020-10-26', '얀센'),
('YA0042', '2020-10-27', '얀센'),
('YA0043', '2021-10-14', '얀센'),
('YA0044', '2021-10-14', '얀센'),
('YA0045', '2020-10-26', '얀센'),
('YA0046', '2020-10-27', '얀센'),
('YA0047', '2021-10-14', '얀센'),
('YA0048', '2020-10-26', '얀센'),
('YA0049', '2020-10-27', '얀센');

#HOSPITAL테이블은 API를 통한 데이터 INSERT

INSERT DOCTOR(id, pw, name, orgcd)
VALUES
(11111111, 'aaaaaaa1', '안철수', '21303568'),
(22222222, 'aaaaaaa2', '김상은', '35323175'),
(33333333, 'aaaaaaa3', '돌팔이', '21345970'),
(44444444, 'aaaaaaa4', '김성생', '35306611'),
(55555555, 'aaaaaaa5', '화타', '33316228'),
(66666666, 'aaaaaaa6', '김지성', '21311072');

INSERT INJECTION(number, ssn, orgcd, inject_date, reservation_time)
VALUES
('HE0000', '971220-1111111', '21303568', '2021-10-27 16:00:10', '2021-10-27 16:00:00'),
('HE0001', '971220-1111112', '35323175', '2021-10-27 16:00:10', '2021-10-27 16:00:00'),
('HE0002', '971220-1111111', '21303568', '2021-12-02 16:00:10', '2021-12-02 16:00:00'),
('HE0003', '971220-1111113', '21345970', '2021-10-27 16:00:10', '2021-10-27 16:00:00'),
('HE0004', '971220-1111114', '35306611', '2021-10-27 16:00:10', '2021-10-27 16:00:00'),
('HE0005', '971220-1111115', '33316228', '2021-10-27 16:00:10', '2021-10-27 16:00:00'),

('HE0006', '000000-1111111', '33316228', '2021-12-02 16:00:10', '2021-12-02 16:00:00'),
('HE0007', '000001-1111111', '33316228', '2021-12-01 16:00:10', '2021-12-01 16:00:00'),
('HE0008', '000002-1111111', '33316228', '2021-11-30 16:00:10', '2021-11-30 16:00:00'),
('HE0009', '000003-1111111', '33316228', '2021-11-29 16:00:10', '2021-11-29 16:00:00'),
('HE0010', '000004-1111111', '33316228', '2021-11-29 16:00:10', '2021-11-29 16:00:00'),
('HE0011', '000005-1111111', '33316228', '2021-11-29 16:00:10', '2021-11-29 16:00:00'),
('HE0012', '000006-1111111', '33316228', '2021-11-28 16:00:10', '2021-11-28 16:00:00'),
('HE0013', '000007-1111111', '33316228', '2021-11-27 16:00:10', '2021-11-27 16:00:00'),
('HE0014', '000008-1111111', '33316228', '2021-11-26 16:00:10', '2021-11-26 16:00:00'),
('HE0015', '000009-1111111', '33316228', '2021-11-26 16:00:10', '2021-11-26 16:00:00'),

('HE0016', '000100-1111111', '33316228', '2021-11-30 16:00:10', '2021-11-30 16:00:00'),
('HE0017', '000101-1111111', '33316228', '2021-11-30 16:00:10', '2021-11-30 16:00:00'),
('HE0018', '000102-1111111', '33316228', '2021-11-26 16:00:10', '2021-11-26 16:00:00'),
('HE0019', '000103-1111111', '33316228', '2021-11-26 16:00:10', '2021-11-26 16:00:00'),
('HE0020', '000104-1111111', '33316228', '2021-11-26 16:00:10', '2021-11-26 16:00:00'),

('HE0021', '000200-1111111', '33316228', '2021-12-02 16:00:10', '2021-12-02 16:00:00'),
('HE0022', '000201-1111111', '33316228', '2021-12-02 16:00:10', '2021-12-02 16:00:00'),
('HE0023', '000202-1111111', '33316228', '2021-12-02 16:00:10', '2021-12-02 16:00:00'),
('HE0024', '000203-1111111', '33316228', '2021-12-02 16:00:10', '2021-12-02 16:00:00'),
('HE0025', '000204-1111111', '33316228', '2021-12-02 16:00:10', '2021-12-02 16:00:00'),
('HE0026', '000205-1111111', '33316228', '2021-12-02 16:00:10', '2021-12-02 16:00:00'),
('HE0027', '000206-1111111', '33316228', '2021-12-02 16:00:10', '2021-12-02 16:00:00'),
('HE0028', '000207-1111111', '33316228', '2021-12-02 16:00:10', '2021-12-02 16:00:00'),

('HE0029', '000300-1111111', '33316228', '2021-11-02 16:00:10', '2021-11-02 16:00:00'),
('HE0030', '000301-1111111', '33316228', '2021-11-01 16:00:10', '2021-11-01 16:00:00'),
('HE0031', '000302-1111111', '33316228', '2021-11-30 16:00:10', '2021-11-30 16:00:00'),
('HE0032', '000303-1111111', '33316228', '2021-11-29 16:00:10', '2021-11-29 16:00:00'),
('HE0033', '000304-1111111', '33316228', '2021-11-29 16:00:10', '2021-11-29 16:00:00'),
('HE0034', '000305-1111111', '33316228', '2021-11-29 16:00:10', '2021-11-29 16:00:00'),
('HE0035', '000306-1111111', '33316228', '2021-11-28 16:00:10', '2021-11-28 16:00:00'),
('HE0036', '000307-1111111', '33316228', '2021-11-27 16:00:10', '2021-11-27 16:00:00'),
('HE0037', '000308-1111111', '33316228', '2021-11-26 16:00:10', '2021-11-26 16:00:00'),
('HE0038', '000309-1111111', '33316228', '2021-11-26 16:00:10', '2021-11-26 16:00:00'),

('HE0039', '000400-1111111', '33316228', '2021-10-02 16:00:10', '2021-10-02 16:00:00'),
('HE0040', '000401-1111111', '33316228', '2021-10-01 16:00:10', '2021-10-01 16:00:00'),
('HE0041', '000402-1111111', '33316228', '2021-10-30 16:00:10', '2021-10-30 16:00:00'),
('HE0042', '000403-1111111', '33316228', '2021-10-29 16:00:10', '2021-10-29 16:00:00'),
('HE0043', '000404-1111111', '33316228', '2021-10-29 16:00:10', '2021-10-29 16:00:00'),
('HE0044', '000405-1111111', '33316228', '2021-10-29 16:00:10', '2021-10-29 16:00:00'),
('HE0045', '000406-1111111', '33316228', '2021-10-28 16:00:10', '2021-10-28 16:00:00'),
('HE0046', '000407-1111111', '33316228', '2021-10-27 16:00:10', '2021-10-27 16:00:00'),
('HE0047', '000408-1111111', '33316228', '2021-10-26 16:00:10', '2021-10-26 16:00:00'),
('HE0048', '000409-1111111', '33316228', '2021-10-26 16:00:10', '2021-10-26 16:00:00'),
('HE0049', '000410-1111111', '33316228', '2021-10-26 16:00:10', '2021-10-26 16:00:00'),

('MO0000', '000501-1111111', '33316228', '2021-10-01 16:00:10', '2021-10-01 16:00:00'),
('MO0001', '000502-1111111', '33316228', '2021-10-30 16:00:10', '2021-10-30 16:00:00'),
('MO0002', '000503-1111111', '33316228', '2021-10-29 16:00:10', '2021-10-29 16:00:00'),

('MO0003', '000600-1111111', '33316228', '2021-09-02 16:00:10', '2021-09-02 16:00:00'),
('MO0004', '000601-1111111', '33316228', '2021-09-01 16:00:10', '2021-09-01 16:00:00'),
('MO0005', '000602-1111111', '33316228', '2021-09-30 16:00:10', '2021-09-30 16:00:00'),
('MO0006', '000603-1111111', '33316228', '2021-09-29 16:00:10', '2021-09-29 16:00:00'),
('MO0007', '000604-1111111', '33316228', '2021-09-29 16:00:10', '2021-09-29 16:00:00'),
('MO0008', '000605-1111111', '33316228', '2021-09-29 16:00:10', '2021-09-29 16:00:00'),
('MO0009', '000606-1111111', '33316228', '2021-09-28 16:00:10', '2021-09-28 16:00:00'),
('MO0010', '000607-1111111', '33316228', '2021-09-27 16:00:10', '2021-09-27 16:00:00'),
('MO0011', '000608-1111111', '33316228', '2021-09-26 16:00:10', '2021-09-26 16:00:00'),
('MO0012', '000609-1111111', '33316228', '2021-09-26 16:00:10', '2021-09-26 16:00:00'),

('MO0013', '000700-1111111', '33316228', '2021-09-26 16:00:10', '2021-09-26 16:00:00'),
('MO0014', '000700-1111111', '33316228', '2021-10-26 16:00:10', '2021-10-26 16:00:00'),

('MO0015', '000800-1111111', '33316228', '2021-08-01 16:00:10', '2021-08-01 16:00:00'),
('MO0016', '000801-1111111', '33316228', '2021-08-01 16:00:10', '2021-08-01 16:00:00'),
('MO0017', '000802-1111111', '33316228', '2021-08-01 16:00:10', '2021-08-01 16:00:00'),
('MO0018', '000803-1111111', '33316228', '2021-08-01 16:00:10', '2021-08-01 16:00:00'),
('MO0019', '000800-1111111', '33316228', '2021-08-27 16:00:10', '2021-08-27 16:00:00'),
('MO0020', '000801-1111111', '33316228', '2021-08-27 16:00:10', '2021-08-27 16:00:00'),
('MO0021', '000802-1111111', '33316228', '2021-08-27 16:00:10', '2021-08-27 16:00:00'),
('MO0022', '000803-1111111', '33316228', '2021-08-27 16:00:10', '2021-08-27 16:00:00'),
#전북
('MO0023', '000900-1111111', '33316228', '2021-07-01 16:00:10', '2021-07-01 16:00:00'),
('MO0024', '000901-1111111', '33316228', '2021-07-01 16:00:10', '2021-07-01 16:00:00'),
('MO0025', '000902-1111111', '33316228', '2021-07-01 16:00:10', '2021-07-01 16:00:00'),
('MO0026', '000903-1111111', '33316228', '2021-07-01 16:00:10', '2021-07-01 16:00:00'),
('MO0027', '000904-1111111', '33316228', '2021-07-01 16:00:10', '2021-07-01 16:00:00'),
('MO0028', '000905-1111111', '33316228', '2021-07-01 16:00:10', '2021-07-01 16:00:00'),
('MO0029', '000906-1111111', '33316228', '2021-07-01 16:00:10', '2021-07-01 16:00:00'),
('MO0030', '000907-1111111', '33316228', '2021-07-01 16:00:10', '2021-07-01 16:00:00'),
('MO0031', '000908-1111111', '33316228', '2021-07-01 16:00:10', '2021-07-01 16:00:00'),
('MO0032', '000909-1111111', '33316228', '2021-07-01 16:00:10', '2021-07-01 16:00:00'),
('MO0033', '000910-1111111', '33316228', '2021-07-01 16:00:10', '2021-07-01 16:00:00'),
('MO0034', '000911-1111111', '33316228', '2021-07-01 16:00:10', '2021-07-01 16:00:00'),
('MO0035', '000900-1111111', '33316228', '2021-07-27 16:00:10', '2021-07-27 16:00:00'),
('MO0036', '000901-1111111', '33316228', '2021-07-27 16:00:10', '2021-07-27 16:00:00'),
('MO0037', '000902-1111111', '33316228', '2021-07-27 16:00:10', '2021-07-27 16:00:00'),
('MO0038', '000903-1111111', '33316228', '2021-07-27 16:00:10', '2021-07-27 16:00:00'),
('MO0039', '000904-1111111', '33316228', '2021-07-27 16:00:10', '2021-07-27 16:00:00'),
('MO0040', '000905-1111111', '33316228', '2021-07-27 16:00:10', '2021-07-27 16:00:00'),
('MO0041', '000906-1111111', '33316228', '2021-07-27 16:00:10', '2021-07-27 16:00:00'),
('MO0042', '000907-1111111', '33316228', '2021-07-27 16:00:10', '2021-07-27 16:00:00'),
('MO0043', '000908-1111111', '33316228', '2021-07-27 16:00:10', '2021-07-27 16:00:00'),
('MO0044', '000909-1111111', '33316228', '2021-07-27 16:00:10', '2021-07-27 16:00:00'),
('MO0045', '000910-1111111', '33316228', '2021-07-27 16:00:10', '2021-07-27 16:00:00'),
('MO0046', '000911-1111111', '33316228', '2021-07-27 16:00:10', '2021-07-27 16:00:00'),
#광주
('MO0047', '001000-1111111', '33316228', '2021-06-01 16:00:10', '2021-06-01 16:00:00'),
('MO0048', '001000-1111111', '33316228', '2021-06-27 16:00:10', '2021-06-27 16:00:00'),
('MO0049', '001001-1111111', '33316228', '2021-06-01 16:00:10', '2021-06-01 16:00:00'),
('MO0050', '001001-1111111', '33316228', '2021-06-27 16:00:10', '2021-06-27 16:00:00'),
('YA0000', '001002-1111111', '33316228', '2021-06-01 16:00:10', '2021-06-01 16:00:00'),
('YA0002', '001002-1111111', '33316228', '2021-06-27 16:00:10', '2021-06-27 16:00:00'),
('YA0003', '001003-1111111', '33316228', '2021-06-01 16:00:10', '2021-06-01 16:00:00'),
('YA0004', '001003-1111111', '33316228', '2021-06-27 16:00:10', '2021-06-27 16:00:00'),
('YA0005', '001004-1111111', '33316228', '2021-06-01 16:00:10', '2021-06-01 16:00:00'),
('YA0006', '001004-1111111', '33316228', '2021-06-27 16:00:10', '2021-06-27 16:00:00'),
('YA0007', '001005-1111111', '33316228', '2021-06-01 16:00:10', '2021-06-01 16:00:00'),
('YA0008', '001005-1111111', '33316228', '2021-06-27 16:00:10', '2021-06-27 16:00:00'),
('YA0009', '001006-1111111', '33316228', '2021-06-01 16:00:10', '2021-06-01 16:00:00'),
('YA0010', '001006-1111111', '33316228', '2021-06-27 16:00:10', '2021-06-27 16:00:00'),
('YA0011', '001007-1111111', '33316228', '2021-06-01 16:00:10', '2021-06-01 16:00:00'),
('YA0012', '001007-1111111', '33316228', '2021-06-27 16:00:10', '2021-06-27 16:00:00'),
('YA0013', '001008-1111111', '33316228', '2021-06-01 16:00:10', '2021-06-01 16:00:00'),
('YA0014', '001008-1111111', '33316228', '2021-06-27 16:00:10', '2021-06-27 16:00:00'),
('YA0015', '001009-1111111', '33316228', '2021-06-01 16:00:10', '2021-06-01 16:00:00'),
('YA0016', '001009-1111111', '33316228', '2021-06-27 16:00:10', '2021-06-27 16:00:00'),
('YA0017', '001010-1111111', '33316228', '2021-06-01 16:00:10', '2021-06-01 16:00:00'),
('YA0018', '001010-1111111', '33316228', '2021-06-27 16:00:10', '2021-06-27 16:00:00'),
#전남
('YA0019', '001100-1111111', '33316228', '2021-05-01 16:00:10', '2021-05-01 16:00:00'),
('YA0020', '001100-1111111', '33316228', '2021-05-27 16:00:10', '2021-05-27 16:00:00'),
('YA0021', '001101-1111111', '33316228', '2021-05-01 16:00:10', '2021-05-01 16:00:00'),
('YA0022', '001101-1111111', '33316228', '2021-05-27 16:00:10', '2021-05-27 16:00:00'),
('YA0023', '001102-1111111', '33316228', '2021-05-01 16:00:10', '2021-05-01 16:00:00'),
('YA0024', '001102-1111111', '33316228', '2021-05-27 16:00:10', '2021-05-27 16:00:00'),
('YA0025', '001103-1111111', '33316228', '2021-05-01 16:00:10', '2021-05-01 16:00:00'),
('YA0026', '001103-1111111', '33316228', '2021-05-27 16:00:10', '2021-05-27 16:00:00'),
('YA0027', '001104-1111111', '33316228', '2021-05-01 16:00:10', '2021-05-01 16:00:00'),
('YA0028', '001104-1111111', '33316228', '2021-05-27 16:00:10', '2021-05-27 16:00:00'),
('YA0029', '001105-1111111', '33316228', '2021-05-01 16:00:10', '2021-05-01 16:00:00'),
('YA0030', '001105-1111111', '33316228', '2021-05-27 16:00:10', '2021-05-27 16:00:00'),
('YA0031', '001106-1111111', '33316228', '2021-05-01 16:00:10', '2021-05-01 16:00:00'),
('YA0032', '001106-1111111', '33316228', '2021-05-27 16:00:10', '2021-05-27 16:00:00'),
('YA0033', '001107-1111111', '33316228', '2021-05-01 16:00:10', '2021-05-01 16:00:00'),
('YA0034', '001107-1111111', '33316228', '2021-05-27 16:00:10', '2021-05-27 16:00:00'),
('YA0035', '001108-1111111', '33316228', '2021-05-01 16:00:10', '2021-05-01 16:00:00'),
('YA0036', '001108-1111111', '33316228', '2021-05-27 16:00:10', '2021-05-27 16:00:00'),
#경북
('YA0037', '001200-1111111', '33316228', '2021-04-01 16:00:10', '2021-04-01 16:00:00'),
('YA0038', '001200-1111111', '33316228', '2021-04-27 16:00:10', '2021-04-27 16:00:00'),
('YA0039', '001201-1111111', '33316228', '2021-04-01 16:00:10', '2021-04-01 16:00:00'),
('YA0040', '001201-1111111', '33316228', '2021-04-27 16:00:10', '2021-04-27 16:00:00'),
('YA0041', '001202-1111111', '33316228', '2021-04-01 16:00:10', '2021-04-01 16:00:00'),
('YA0042', '001202-1111111', '33316228', '2021-04-27 16:00:10', '2021-04-27 16:00:00'),
('YA0043', '001203-1111111', '33316228', '2021-04-01 16:00:10', '2021-04-01 16:00:00'),
('YA0044', '001203-1111111', '33316228', '2021-04-27 16:00:10', '2021-04-27 16:00:00'),
('YA0045', '001204-1111111', '33316228', '2021-04-01 16:00:10', '2021-04-01 16:00:00'),
('YA0046', '001204-1111111', '33316228', '2021-04-27 16:00:10', '2021-04-27 16:00:00'),
('YA0047', '001205-1111111', '33316228', '2021-04-01 16:00:10', '2021-04-01 16:00:00'),
('YA0048', '001205-1111111', '33316228', '2021-04-27 16:00:10', '2021-04-27 16:00:00'),
('AE0000', '001206-1111111', '33316228', '2021-04-01 16:00:10', '2021-04-01 16:00:00'),
('AE0001', '001206-1111111', '33316228', '2021-04-27 16:00:10', '2021-04-27 16:00:00'),
('AE0002', '001207-1111111', '33316228', '2021-04-01 16:00:10', '2021-04-01 16:00:00'),
('AE0003', '001207-1111111', '33316228', '2021-04-27 16:00:10', '2021-04-27 16:00:00'),
('AE0004', '001208-1111111', '33316228', '2021-04-01 16:00:10', '2021-04-01 16:00:00'),
('AE0005', '001208-1111111', '33316228', '2021-04-27 16:00:10', '2021-04-27 16:00:00'),
('AE0006', '001209-1111111', '33316228', '2021-04-01 16:00:10', '2021-04-01 16:00:00'),
('AE0007', '001209-1111111', '33316228', '2021-04-27 16:00:10', '2021-04-27 16:00:00'),
('AE0008', '001210-1111111', '33316228', '2021-04-01 16:00:10', '2021-04-01 16:00:00'),
('AE0009', '001210-1111111', '33316228', '2021-04-27 16:00:10', '2021-04-27 16:00:00'),
('AE0010', '001211-1111111', '33316228', '2021-04-01 16:00:10', '2021-04-01 16:00:00'),
('AE0011', '001211-1111111', '33316228', '2021-04-27 16:00:10', '2021-04-27 16:00:00'),
('AE0012', '001212-1111111', '33316228', '2021-04-01 16:00:10', '2021-04-01 16:00:00'),
('AE0013', '001212-1111111', '33316228', '2021-04-27 16:00:10', '2021-04-27 16:00:00'),
('AE0014', '001213-1111111', '33316228', '2021-04-01 16:00:10', '2021-04-01 16:00:00'),
('AE0015', '001213-1111111', '33316228', '2021-04-27 16:00:10', '2021-04-27 16:00:00'),
('AE0016', '001214-1111111', '33316228', '2021-04-01 16:00:10', '2021-04-01 16:00:00'),
('AE0017', '001214-1111111', '33316228', '2021-04-27 16:00:10', '2021-04-27 16:00:00'),
#대구
('AE0018', '001300-1111111', '33316228', '2021-03-01 16:00:10', '2021-03-01 16:00:00'),
('AE0019', '001300-1111111', '33316228', '2021-03-27 16:00:10', '2021-03-27 16:00:00'),
('AE0020', '001301-1111111', '33316228', '2021-03-01 16:00:10', '2021-03-01 16:00:00'),
('AE0021', '001301-1111111', '33316228', '2021-03-27 16:00:10', '2021-03-27 16:00:00'),
#경남
('AE0022', '001400-1111111', '33316228', '2021-02-01 16:00:10', '2021-02-01 16:00:00'),
('AE0023', '001400-1111111', '33316228', '2021-02-27 16:00:10', '2021-02-27 16:00:00'),
('AE0024', '001401-1111111', '33316228', '2021-02-01 16:00:10', '2021-02-01 16:00:00'),
('AE0025', '001401-1111111', '33316228', '2021-02-27 16:00:10', '2021-02-27 16:00:00'),
('AE0026', '001402-1111111', '33316228', '2021-02-01 16:00:10', '2021-02-01 16:00:00'),
('AE0027', '001402-1111111', '33316228', '2021-02-27 16:00:10', '2021-02-27 16:00:00'),
('AE0028', '001403-1111111', '33316228', '2021-02-01 16:00:10', '2021-02-01 16:00:00'),
('AE0029', '001403-1111111', '33316228', '2021-02-27 16:00:10', '2021-02-27 16:00:00'),
('AE0030', '001404-1111111', '33316228', '2021-02-01 16:00:10', '2021-02-01 16:00:00'),
('AE0031', '001404-1111111', '33316228', '2021-02-27 16:00:10', '2021-02-27 16:00:00'),
('AE0032', '001405-1111111', '33316228', '2021-02-01 16:00:10', '2021-02-01 16:00:00'),
('AE0033', '001405-1111111', '33316228', '2021-02-27 16:00:10', '2021-02-27 16:00:00'),
('AE0034', '001406-1111111', '33316228', '2021-02-01 16:00:10', '2021-02-01 16:00:00'),
('AE0035', '001406-1111111', '33316228', '2021-02-27 16:00:10', '2021-02-27 16:00:00'),
('AE0036', '001407-1111111', '33316228', '2021-02-01 16:00:10', '2021-02-01 16:00:00'),
('AE0037', '001407-1111111', '33316228', '2021-02-27 16:00:10', '2021-02-27 16:00:00'),
('AE0038', '001408-1111111', '33316228', '2021-02-01 16:00:10', '2021-02-01 16:00:00'),
('AE0039', '001408-1111111', '33316228', '2021-02-27 16:00:10', '2021-02-27 16:00:00'),
('AE0040', '001409-1111111', '33316228', '2021-02-01 16:00:10', '2021-02-01 16:00:00'),
('AE0041', '001409-1111111', '33316228', '2021-02-27 16:00:10', '2021-02-27 16:00:00'),
('AE0042', '001410-1111111', '33316228', '2021-02-01 16:00:10', '2021-02-01 16:00:00'),
('AE0043', '001410-1111111', '33316228', '2021-02-27 16:00:10', '2021-02-27 16:00:00'),
('AE0044', '001411-1111111', '33316228', '2021-02-01 16:00:10', '2021-02-01 16:00:00'),
('AE0045', '001411-1111111', '33316228', '2021-02-27 16:00:10', '2021-02-27 16:00:00'),
('AE0046', '001412-1111111', '33316228', '2021-02-01 16:00:10', '2021-02-01 16:00:00'),
('AE0047', '001412-1111111', '33316228', '2021-02-27 16:00:10', '2021-02-27 16:00:00'),
('AE0048', '001413-1111111', '33316228', '2021-02-01 16:00:10', '2021-02-01 16:00:00'),
('AE0049', '001413-1111111', '33316228', '2021-02-27 16:00:10', '2021-02-27 16:00:00'),
#울산
('AE0050', '001500-1111111', '33316228', '2021-01-01 16:00:10', '2021-01-01 16:00:00'),
('AE0051', '001500-1111111', '33316228', '2021-01-27 16:00:10', '2021-01-27 16:00:00'),
('AE0052', '001501-1111111', '33316228', '2021-01-01 16:00:10', '2021-01-01 16:00:00'),
('AE0053', '001501-1111111', '33316228', '2021-01-27 16:00:10', '2021-01-27 16:00:00'),
('AE0054', '001502-1111111', '33316228', '2021-01-01 16:00:10', '2021-01-01 16:00:00'),
('AE0055', '001502-1111111', '33316228', '2021-01-27 16:00:10', '2021-01-27 16:00:00'),
('AE0056', '001503-1111111', '33316228', '2021-01-01 16:00:10', '2021-01-01 16:00:00'),
('AE0057', '001503-1111111', '33316228', '2021-01-27 16:00:10', '2021-01-27 16:00:00'),
('AE0058', '001504-1111111', '33316228', '2021-01-01 16:00:10', '2021-01-01 16:00:00'),
('AE0059', '001504-1111111', '33316228', '2021-01-27 16:00:10', '2021-01-27 16:00:00'),
('AE0060', '001505-1111111', '33316228', '2021-01-01 16:00:10', '2021-01-01 16:00:00'),
('AE0061', '001505-1111111', '33316228', '2021-01-27 16:00:10', '2021-01-27 16:00:00'),
('AE0062', '001506-1111111', '33316228', '2021-01-01 16:00:10', '2021-01-01 16:00:00'),
('AE0063', '001506-1111111', '33316228', '2021-01-27 16:00:10', '2021-01-27 16:00:00'),
('AE0064', '001507-1111111', '33316228', '2021-01-01 16:00:10', '2021-01-01 16:00:00'),
('AE0065', '001507-1111111', '33316228', '2021-01-27 16:00:10', '2021-01-27 16:00:00'),
('AE0066', '001508-1111111', '33316228', '2021-01-01 16:00:10', '2021-01-01 16:00:00'),
('AE0067', '001508-1111111', '33316228', '2021-01-27 16:00:10', '2021-01-27 16:00:00'),
('AE0068', '001509-1111111', '33316228', '2021-01-01 16:00:10', '2021-01-01 16:00:00'),
('AE0069', '001509-1111111', '33316228', '2021-01-27 16:00:10', '2021-01-27 16:00:00');
#제주